text,label
Membaca buku bisa menambah pengetahuan,normal
Makanan ini enak sekali,normal
Saya suka bermain bola di sore hari,normal
Membaca buku bisa menambah pengetahuan,normal
Saya suka bermain bola di sore hari,normal
Menang jackpot slot pragmatic gampang,judi
Main poker online hadiah besar,judi
Ayo pasang togel online sekarang,judi
Belajar machine learning itu seru,normal
Main slot gacor hari ini menang besar,judi
Bandar judi online terpercaya,judi
Situs judi bola terpercaya deposit pulsa,judi
Main slot gacor hari ini menang besar,judi
Saya pergi ke sekolah setiap pagi,normal
Ayo pasang togel online sekarang,judi
Olahraga baik untuk kesehatan,normal
Bandar judi online terpercaya,judi
Situs judi bola terpercaya deposit pulsa,judi
Kucing saya tidur di kursi,normal
Belajar machine learning itu seru,normal
Situs judi bola terpercaya deposit pulsa,judi
Olahraga baik untuk kesehatan,normal
Situs judi bola terpercaya deposit pulsa,judi
Membaca buku bisa menambah pengetahuan,normal
Saya pergi ke sekolah setiap pagi,normal
Ayo pasang togel online sekarang,judi
Situs judi bola terpercaya deposit pulsa,judi
Taruhan bola parlay menang banyak,judi
Bandar judi online terpercaya,judi
Link slot deposit tanpa potongan,judi
Bandar judi online terpercaya,judi
Situs judi bola terpercaya deposit pulsa,judi
Main poker online hadiah besar,judi
Ayo pasang togel online sekarang,judi
Hari ini sangat cerah dan menyenangkan,normal
Situs judi bola terpercaya deposit pulsa,judi
Saya pergi ke sekolah setiap pagi,normal
Membaca buku bisa menambah pengetahuan,normal
Liburan ke pantai sangat menyenangkan,normal
Membaca buku bisa menambah pengetahuan,normal
Roulette online bonus new member,judi
Main poker online hadiah besar,judi
Makanan ini enak sekali,normal
Belajar machine learning itu seru,normal
Situs judi bola terpercaya deposit pulsa,judi
Membaca buku bisa menambah pengetahuan,normal
Saya suka bermain bola di sore hari,normal
Menang jackpot slot pragmatic gampang,judi
Belajar machine learning itu seru,normal
Pekerjaan rumah sudah selesai dikerjakan,normal
Olahraga baik untuk kesehatan,normal
Situs judi bola terpercaya deposit pulsa,judi
Ayo pasang togel online sekarang,judi
Pekerjaan rumah sudah selesai dikerjakan,normal
Makanan ini enak sekali,normal
Liburan ke pantai sangat menyenangkan,normal
Taruhan bola parlay menang banyak,judi
Situs judi bola terpercaya deposit pulsa,judi
Situs judi bola terpercaya deposit pulsa,judi
Main poker online hadiah besar,judi
Saya suka bermain bola di sore hari,normal
Saya suka bermain bola di sore hari,normal
Kucing saya tidur di kursi,normal
Situs judi bola terpercaya deposit pulsa,judi
Saya suka bermain bola di sore hari,normal
Membaca buku bisa menambah pengetahuan,normal
Bandar judi online terpercaya,judi
Saya pergi ke sekolah setiap pagi,normal
Taruhan bola parlay menang banyak,judi
Menang jackpot slot pragmatic gampang,judi
Main slot gacor hari ini menang besar,judi
Judi online gampang menang,judi
Taruhan bola parlay menang banyak,judi
Saya suka bermain bola di sore hari,normal
Main slot gacor hari ini menang besar,judi
Liburan ke pantai sangat menyenangkan,normal
Liburan ke pantai sangat menyenangkan,normal
Olahraga baik untuk kesehatan,normal
Kucing saya tidur di kursi,normal
Situs judi bola terpercaya deposit pulsa,judi
Main poker online hadiah besar,judi
Bandar judi online terpercaya,judi
Liburan ke pantai sangat menyenangkan,normal
Belajar machine learning itu seru,normal
Pekerjaan rumah sudah selesai dikerjakan,normal
Taruhan bola parlay menang banyak,judi
Liburan ke pantai sangat menyenangkan,normal
Membaca buku bisa menambah pengetahuan,normal
Bandar judi online terpercaya,judi
Main slot gacor hari ini menang besar,judi
Judi online gampang menang,judi
Belajar machine learning itu seru,normal
Saya suka bermain bola di sore hari,normal
Liburan ke pantai sangat menyenangkan,normal
Main slot gacor hari ini menang besar,judi
Saya pergi ke sekolah setiap pagi,normal
Roulette online bonus new member,judi
Main slot gacor hari ini menang besar,judi
Saya suka bermain bola di sore hari,normal
Kucing saya tidur di kursi,normal
Liburan ke pantai sangat menyenangkan,normal
Menang jackpot slot pragmatic gampang,judi
Makanan ini enak sekali,normal
Judi online gampang menang,judi
Belajar machine learning itu seru,normal
Ayo pasang togel online sekarang,judi
Saya suka bermain bola di sore hari,normal
Kucing saya tidur di kursi,normal
Link slot deposit tanpa potongan,judi
Judi online gampang menang,judi
Link slot deposit tanpa potongan,judi
Link slot deposit tanpa potongan,judi
Judi online gampang menang,judi
Membaca buku bisa menambah pengetahuan,normal
Saya pergi ke sekolah setiap pagi,normal
Belajar machine learning itu seru,normal
Saya suka bermain bola di sore hari,normal
Menang jackpot slot pragmatic gampang,judi
Hari ini sangat cerah dan menyenangkan,normal
Judi online gampang menang,judi
Saya suka bermain bola di sore hari,normal
Belajar machine learning itu seru,normal
Judi online gampang menang,judi
Situs judi bola terpercaya deposit pulsa,judi
Membaca buku bisa menambah pengetahuan,normal
Saya pergi ke sekolah setiap pagi,normal
Situs judi bola terpercaya deposit pulsa,judi
Taruhan bola parlay menang banyak,judi
Main slot gacor hari ini menang besar,judi
Main slot gacor hari ini menang besar,judi
Makanan ini enak sekali,normal
Roulette online bonus new member,judi
Situs judi bola terpercaya deposit pulsa,judi
Main poker online hadiah besar,judi
Judi online gampang menang,judi
Judi online gampang menang,judi
Belajar machine learning itu seru,normal
Menang jackpot slot pragmatic gampang,judi
Makanan ini enak sekali,normal
Liburan ke pantai sangat menyenangkan,normal
Saya pergi ke sekolah setiap pagi,normal
Hari ini sangat cerah dan menyenangkan,normal
Saya pergi ke sekolah setiap pagi,normal
Main slot gacor hari ini menang besar,judi
Judi online gampang menang,judi
Olahraga baik untuk kesehatan,normal
Saya pergi ke sekolah setiap pagi,normal
Belajar machine learning itu seru,normal
Liburan ke pantai sangat menyenangkan,normal
Roulette online bonus new member,judi
Kucing saya tidur di kursi,normal
Menang jackpot slot pragmatic gampang,judi
Liburan ke pantai sangat menyenangkan,normal
Belajar machine learning itu seru,normal
Kucing saya tidur di kursi,normal
Roulette online bonus new member,judi
Liburan ke pantai sangat menyenangkan,normal
Link slot deposit tanpa potongan,judi
Belajar machine learning itu seru,normal
Hari ini sangat cerah dan menyenangkan,normal
Link slot deposit tanpa potongan,judi
Main poker online hadiah besar,judi
Bandar judi online terpercaya,judi
Olahraga baik untuk kesehatan,normal
Hari ini sangat cerah dan menyenangkan,normal
Pekerjaan rumah sudah selesai dikerjakan,normal
Main slot gacor hari ini menang besar,judi
Liburan ke pantai sangat menyenangkan,normal
Olahraga baik untuk kesehatan,normal
Situs judi bola terpercaya deposit pulsa,judi
Main poker online hadiah besar,judi
Taruhan bola parlay menang banyak,judi
Membaca buku bisa menambah pengetahuan,normal
Main poker online hadiah besar,judi
Liburan ke pantai sangat menyenangkan,normal
Link slot deposit tanpa potongan,judi
Taruhan bola parlay menang banyak,judi
Judi online gampang menang,judi
Olahraga baik untuk kesehatan,normal
Saya pergi ke sekolah setiap pagi,normal
Saya pergi ke sekolah setiap pagi,normal
Saya pergi ke sekolah setiap pagi,normal
Saya pergi ke sekolah setiap pagi,normal
Hari ini sangat cerah dan menyenangkan,normal
Membaca buku bisa menambah pengetahuan,normal
Situs judi bola terpercaya deposit pulsa,judi
Makanan ini enak sekali,normal
Judi online gampang menang,judi
Link slot deposit tanpa potongan,judi
Saya pergi ke sekolah setiap pagi,normal
Olahraga baik untuk kesehatan,normal
Judi online gampang menang,judi
Situs judi bola terpercaya deposit pulsa,judi
Taruhan bola parlay menang banyak,judi
Belajar machine learning itu seru,normal
Hari ini sangat cerah dan menyenangkan,normal
Saya pergi ke sekolah setiap pagi,normal
Link slot deposit tanpa potongan,judi
Link slot deposit tanpa potongan,judi
Main poker online hadiah besar,judi
Menang jackpot slot pragmatic gampang,judi
Main poker online hadiah besar,judi
Main slot gacor hari ini menang besar,judi
Main poker online hadiah besar,judi
Situs judi bola terpercaya deposit pulsa,judi
Saya suka bermain bola di sore hari,normal
Main slot gacor hari ini menang besar,judi
Olahraga baik untuk kesehatan,normal
Liburan ke pantai sangat menyenangkan,normal
Roulette online bonus new member,judi
Membaca buku bisa menambah pengetahuan,normal
Main slot gacor hari ini menang besar,judi
Menang jackpot slot pragmatic gampang,judi
Taruhan bola parlay menang banyak,judi
Taruhan bola parlay menang banyak,judi
Menang jackpot slot pragmatic gampang,judi
Pekerjaan rumah sudah selesai dikerjakan,normal
Link slot deposit tanpa potongan,judi
Hari ini sangat cerah dan menyenangkan,normal
Pekerjaan rumah sudah selesai dikerjakan,normal
Belajar machine learning itu seru,normal
Belajar machine learning itu seru,normal
Situs judi bola terpercaya deposit pulsa,judi
Makanan ini enak sekali,normal
Bandar judi online terpercaya,judi
Taruhan bola parlay menang banyak,judi
Saya suka bermain bola di sore hari,normal
Pekerjaan rumah sudah selesai dikerjakan,normal
Saya pergi ke sekolah setiap pagi,normal
Bandar judi online terpercaya,judi
Link slot deposit tanpa potongan,judi
Saya pergi ke sekolah setiap pagi,normal
Main slot gacor hari ini menang besar,judi
Ayo pasang togel online sekarang,judi
Bandar judi online terpercaya,judi
Membaca buku bisa menambah pengetahuan,normal
Ayo pasang togel online sekarang,judi
Saya suka bermain bola di sore hari,normal
Link slot deposit tanpa potongan,judi
Main slot gacor hari ini menang besar,judi
Olahraga baik untuk kesehatan,normal
Saya pergi ke sekolah setiap pagi,normal
Hari ini sangat cerah dan menyenangkan,normal
Makanan ini enak sekali,normal
Olahraga baik untuk kesehatan,normal
Judi online gampang menang,judi
Kucing saya tidur di kursi,normal
Olahraga baik untuk kesehatan,normal
Bandar judi online terpercaya,judi
Belajar machine learning itu seru,normal
Belajar machine learning itu seru,normal
Makanan ini enak sekali,normal
Situs judi bola terpercaya deposit pulsa,judi
Ayo pasang togel online sekarang,judi
Link slot deposit tanpa potongan,judi
Makanan ini enak sekali,normal
Kucing saya tidur di kursi,normal
Link slot deposit tanpa potongan,judi
Saya suka bermain bola di sore hari,normal
Main poker online hadiah besar,judi
Saya pergi ke sekolah setiap pagi,normal
Hari ini sangat cerah dan menyenangkan,normal
Ayo pasang togel online sekarang,judi
Main poker online hadiah besar,judi
Taruhan bola parlay menang banyak,judi
Main slot gacor hari ini menang besar,judi
Taruhan bola parlay menang banyak,judi
Main slot gacor hari ini menang besar,judi
Main slot gacor hari ini menang besar,judi
Judi online gampang menang,judi
Pekerjaan rumah sudah selesai dikerjakan,normal
Hari ini sangat cerah dan menyenangkan,normal
Link slot deposit tanpa potongan,judi
Situs judi bola terpercaya deposit pulsa,judi
Liburan ke pantai sangat menyenangkan,normal
Ayo pasang togel online sekarang,judi
Saya pergi ke sekolah setiap pagi,normal
Ayo pasang togel online sekarang,judi
Kucing saya tidur di kursi,normal
Main slot gacor hari ini menang besar,judi
Saya pergi ke sekolah setiap pagi,normal
Makanan ini enak sekali,normal
Roulette online bonus new member,judi
Situs judi bola terpercaya deposit pulsa,judi
Roulette online bonus new member,judi
Makanan ini enak sekali,normal
Saya pergi ke sekolah setiap pagi,normal
Belajar machine learning itu seru,normal
Makanan ini enak sekali,normal
Makanan ini enak sekali,normal
Situs judi bola terpercaya deposit pulsa,judi
Roulette online bonus new member,judi
Main poker online hadiah besar,judi
Hari ini sangat cerah dan menyenangkan,normal
Roulette online bonus new member,judi
Main poker online hadiah besar,judi
Roulette online bonus new member,judi
Hari ini sangat cerah dan menyenangkan,normal
Main poker online hadiah besar,judi
Ayo pasang togel online sekarang,judi
Ayo pasang togel online sekarang,judi
Link slot deposit tanpa potongan,judi
Ayo pasang togel online sekarang,judi
Main slot gacor hari ini menang besar,judi
Ayo pasang togel online sekarang,judi
Membaca buku bisa menambah pengetahuan,normal
Membaca buku bisa menambah pengetahuan,normal
Roulette online bonus new member,judi
Pekerjaan rumah sudah selesai dikerjakan,normal
Link slot deposit tanpa potongan,judi
Link slot deposit tanpa potongan,judi
Main poker online hadiah besar,judi
Belajar machine learning itu seru,normal
Taruhan bola parlay menang banyak,judi
Saya pergi ke sekolah setiap pagi,normal
Main slot gacor hari ini menang besar,judi
Bandar judi online terpercaya,judi
Makanan ini enak sekali,normal
Saya pergi ke sekolah setiap pagi,normal
Makanan ini enak sekali,normal
Hari ini sangat cerah dan menyenangkan,normal
Taruhan bola parlay menang banyak,judi
Link slot deposit tanpa potongan,judi
Situs judi bola terpercaya deposit pulsa,judi
Hari ini sangat cerah dan menyenangkan,normal
Makanan ini enak sekali,normal
Makanan ini enak sekali,normal
Saya pergi ke sekolah setiap pagi,normal
Hari ini sangat cerah dan menyenangkan,normal
Hari ini sangat cerah dan menyenangkan,normal
Main slot gacor hari ini menang besar,judi
Pekerjaan rumah sudah selesai dikerjakan,normal
Taruhan bola parlay menang banyak,judi
Taruhan bola parlay menang banyak,judi
Liburan ke pantai sangat menyenangkan,normal
Makanan ini enak sekali,normal
Olahraga baik untuk kesehatan,normal
Menang jackpot slot pragmatic gampang,judi
Saya pergi ke sekolah setiap pagi,normal
Membaca buku bisa menambah pengetahuan,normal
Saya pergi ke sekolah setiap pagi,normal
Menang jackpot slot pragmatic gampang,judi
Liburan ke pantai sangat menyenangkan,normal
Makanan ini enak sekali,normal
Situs judi bola terpercaya deposit pulsa,judi
Kucing saya tidur di kursi,normal
Pekerjaan rumah sudah selesai dikerjakan,normal
Ayo pasang togel online sekarang,judi
Main poker online hadiah besar,judi
Roulette online bonus new member,judi
Hari ini sangat cerah dan menyenangkan,normal
Roulette online bonus new member,judi
Situs judi bola terpercaya deposit pulsa,judi
Judi online gampang menang,judi
Link slot deposit tanpa potongan,judi
Main poker online hadiah besar,judi
Bandar judi online terpercaya,judi
Ayo pasang togel online sekarang,judi
Kucing saya tidur di kursi,normal
Roulette online bonus new member,judi
Saya suka bermain bola di sore hari,normal
Saya suka bermain bola di sore hari,normal
Main slot gacor hari ini menang besar,judi
Makanan ini enak sekali,normal
Link slot deposit tanpa potongan,judi
Kucing saya tidur di kursi,normal
Saya pergi ke sekolah setiap pagi,normal
Saya suka bermain bola di sore hari,normal
Liburan ke pantai sangat menyenangkan,normal
Belajar machine learning itu seru,normal
Liburan ke pantai sangat menyenangkan,normal
Membaca buku bisa menambah pengetahuan,normal
Pekerjaan rumah sudah selesai dikerjakan,normal
Hari ini sangat cerah dan menyenangkan,normal
Hari ini sangat cerah dan menyenangkan,normal
Main slot gacor hari ini menang besar,judi
Link slot deposit tanpa potongan,judi
Liburan ke pantai sangat menyenangkan,normal
Taruhan bola parlay menang banyak,judi
Menang jackpot slot pragmatic gampang,judi
Olahraga baik untuk kesehatan,normal
Kucing saya tidur di kursi,normal
Olahraga baik untuk kesehatan,normal
Link slot deposit tanpa potongan,judi
Roulette online bonus new member,judi
Ayo pasang togel online sekarang,judi
Judi online gampang menang,judi
Judi online gampang menang,judi
Bandar judi online terpercaya,judi
Menang jackpot slot pragmatic gampang,judi
Taruhan bola parlay menang banyak,judi
Belajar machine learning itu seru,normal
Saya pergi ke sekolah setiap pagi,normal
Bandar judi online terpercaya,judi
Main poker online hadiah besar,judi
Main poker online hadiah besar,judi
Saya suka bermain bola di sore hari,normal
Hari ini sangat cerah dan menyenangkan,normal
Judi online gampang menang,judi
Makanan ini enak sekali,normal
Olahraga baik untuk kesehatan,normal
Pekerjaan rumah sudah selesai dikerjakan,normal
Main poker online hadiah besar,judi
Saya suka bermain bola di sore hari,normal
Olahraga baik untuk kesehatan,normal
Situs judi bola terpercaya deposit pulsa,judi
Ayo pasang togel online sekarang,judi
Saya pergi ke sekolah setiap pagi,normal
Membaca buku bisa menambah pengetahuan,normal
Pekerjaan rumah sudah selesai dikerjakan,normal
Saya pergi ke sekolah setiap pagi,normal
Main poker online hadiah besar,judi
Hari ini sangat cerah dan menyenangkan,normal
Saya suka bermain bola di sore hari,normal
Hari ini sangat cerah dan menyenangkan,normal
Menang jackpot slot pragmatic gampang,judi
Main slot gacor hari ini menang besar,judi
Bandar judi online terpercaya,judi
Membaca buku bisa menambah pengetahuan,normal
Kucing saya tidur di kursi,normal
Makanan ini enak sekali,normal
Situs judi bola terpercaya deposit pulsa,judi
Main poker online hadiah besar,judi
Taruhan bola parlay menang banyak,judi
Main slot gacor hari ini menang besar,judi
Belajar machine learning itu seru,normal
Makanan ini enak sekali,normal
Saya suka bermain bola di sore hari,normal
Hari ini sangat cerah dan menyenangkan,normal
Ayo pasang togel online sekarang,judi
Taruhan bola parlay menang banyak,judi
Situs judi bola terpercaya deposit pulsa,judi
Roulette online bonus new member,judi
Situs judi bola terpercaya deposit pulsa,judi
Main slot gacor hari ini menang besar,judi
Makanan ini enak sekali,normal
Membaca buku bisa menambah pengetahuan,normal
Pekerjaan rumah sudah selesai dikerjakan,normal
Pekerjaan rumah sudah selesai dikerjakan,normal
Belajar machine learning itu seru,normal
Saya suka bermain bola di sore hari,normal
Saya pergi ke sekolah setiap pagi,normal
Makanan ini enak sekali,normal
Menang jackpot slot pragmatic gampang,judi
Menang jackpot slot pragmatic gampang,judi
Link slot deposit tanpa potongan,judi
Menang jackpot slot pragmatic gampang,judi
Roulette online bonus new member,judi
Belajar machine learning itu seru,normal
Link slot deposit tanpa potongan,judi
Makanan ini enak sekali,normal
Bandar judi online terpercaya,judi
Link slot deposit tanpa potongan,judi
Saya pergi ke sekolah setiap pagi,normal
Olahraga baik untuk kesehatan,normal
Belajar machine learning itu seru,normal
Main slot gacor hari ini menang besar,judi
Roulette online bonus new member,judi
Kucing saya tidur di kursi,normal
Belajar machine learning itu seru,normal
Kucing saya tidur di kursi,normal
Ayo pasang togel online sekarang,judi
Hari ini sangat cerah dan menyenangkan,normal
Menang jackpot slot pragmatic gampang,judi
Olahraga baik untuk kesehatan,normal
Roulette online bonus new member,judi
Makanan ini enak sekali,normal
Situs judi bola terpercaya deposit pulsa,judi
Judi online gampang menang,judi
Main poker online hadiah besar,judi
Saya pergi ke sekolah setiap pagi,normal
Judi online gampang menang,judi
Main poker online hadiah besar,judi
Saya pergi ke sekolah setiap pagi,normal
Ayo pasang togel online sekarang,judi
Makanan ini enak sekali,normal
Membaca buku bisa menambah pengetahuan,normal
Belajar machine learning itu seru,normal
Menang jackpot slot pragmatic gampang,judi
Judi online gampang menang,judi
Judi online gampang menang,judi
Kucing saya tidur di kursi,normal
Roulette online bonus new member,judi
Link slot deposit tanpa potongan,judi
Main slot gacor hari ini menang besar,judi
Saya suka bermain bola di sore hari,normal
Belajar machine learning itu seru,normal
Makanan ini enak sekali,normal
Makanan ini enak sekali,normal
Pekerjaan rumah sudah selesai dikerjakan,normal
Judi online gampang menang,judi
Main poker online hadiah besar,judi
Roulette online bonus new member,judi
Pekerjaan rumah sudah selesai dikerjakan,normal
Belajar machine learning itu seru,normal
Roulette online bonus new member,judi
Bandar judi online terpercaya,judi
Belajar machine learning itu seru,normal
Main poker online hadiah besar,judi
Bandar judi online terpercaya,judi
Roulette online bonus new member,judi
Taruhan bola parlay menang banyak,judi
Saya suka bermain bola di sore hari,normal
Bandar judi online terpercaya,judi
Main poker online hadiah besar,judi
Makanan ini enak sekali,normal
Menang jackpot slot pragmatic gampang,judi
Olahraga baik untuk kesehatan,normal
Saya suka bermain bola di sore hari,normal
Main slot gacor hari ini menang besar,judi
Taruhan bola parlay menang banyak,judi
Taruhan bola parlay menang banyak,judi
Main poker online hadiah besar,judi
Liburan ke pantai sangat menyenangkan,normal
Link slot deposit tanpa potongan,judi
Kucing saya tidur di kursi,normal
Membaca buku bisa menambah pengetahuan,normal
Bandar judi online terpercaya,judi
Judi online gampang menang,judi
Taruhan bola parlay menang banyak,judi
Link slot deposit tanpa potongan,judi
Taruhan bola parlay menang banyak,judi
Saya pergi ke sekolah setiap pagi,normal
Pekerjaan rumah sudah selesai dikerjakan,normal
Roulette online bonus new member,judi
Taruhan bola parlay menang banyak,judi
Saya suka bermain bola di sore hari,normal
Pekerjaan rumah sudah selesai dikerjakan,normal
Hari ini sangat cerah dan menyenangkan,normal
Bandar judi online terpercaya,judi
Situs judi bola terpercaya deposit pulsa,judi
Olahraga baik untuk kesehatan,normal
Judi online gampang menang,judi
Roulette online bonus new member,judi
Main slot gacor hari ini menang besar,judi
Taruhan bola parlay menang banyak,judi
Ayo pasang togel online sekarang,judi
Taruhan bola parlay menang banyak,judi
Liburan ke pantai sangat menyenangkan,normal
Membaca buku bisa menambah pengetahuan,normal
Pekerjaan rumah sudah selesai dikerjakan,normal
Ayo pasang togel online sekarang,judi
Hari ini sangat cerah dan menyenangkan,normal
Link slot deposit tanpa potongan,judi
Menang jackpot slot pragmatic gampang,judi
Menang jackpot slot pragmatic gampang,judi
Judi online gampang menang,judi
Judi online gampang menang,judi
Situs judi bola terpercaya deposit pulsa,judi
Membaca buku bisa menambah pengetahuan,normal
Main slot gacor hari ini menang besar,judi
Hari ini sangat cerah dan menyenangkan,normal
Main slot gacor hari ini menang besar,judi
Menang jackpot slot pragmatic gampang,judi
Belajar machine learning itu seru,normal
Belajar machine learning itu seru,normal
Olahraga baik untuk kesehatan,normal
Judi online gampang menang,judi
Situs judi bola terpercaya deposit pulsa,judi
Main slot gacor hari ini menang besar,judi
Menang jackpot slot pragmatic gampang,judi
Main poker online hadiah besar,judi
Saya pergi ke sekolah setiap pagi,normal
Taruhan bola parlay menang banyak,judi
Taruhan bola parlay menang banyak,judi
Saya suka bermain bola di sore hari,normal
Menang jackpot slot pragmatic gampang,judi
Situs judi bola terpercaya deposit pulsa,judi
Saya suka bermain bola di sore hari,normal
Belajar machine learning itu seru,normal
Link slot deposit tanpa potongan,judi
Liburan ke pantai sangat menyenangkan,normal
Ayo pasang togel online sekarang,judi
Saya pergi ke sekolah setiap pagi,normal
Taruhan bola parlay menang banyak,judi
Belajar machine learning itu seru,normal
Hari ini sangat cerah dan menyenangkan,normal
Bandar judi online terpercaya,judi
Belajar machine learning itu seru,normal
Bandar judi online terpercaya,judi
Main poker online hadiah besar,judi
Membaca buku bisa menambah pengetahuan,normal
Makanan ini enak sekali,normal
Bandar judi online terpercaya,judi
Liburan ke pantai sangat menyenangkan,normal
Roulette online bonus new member,judi
Link slot deposit tanpa potongan,judi
Pekerjaan rumah sudah selesai dikerjakan,normal
Judi online gampang menang,judi
Kucing saya tidur di kursi,normal
Saya suka bermain bola di sore hari,normal
Kucing saya tidur di kursi,normal
Link slot deposit tanpa potongan,judi
Menang jackpot slot pragmatic gampang,judi
Belajar machine learning itu seru,normal
Makanan ini enak sekali,normal
Pekerjaan rumah sudah selesai dikerjakan,normal
Makanan ini enak sekali,normal
Belajar machine learning itu seru,normal
Membaca buku bisa menambah pengetahuan,normal
Hari ini sangat cerah dan menyenangkan,normal
Roulette online bonus new member,judi
Link slot deposit tanpa potongan,judi
Menang jackpot slot pragmatic gampang,judi
Saya pergi ke sekolah setiap pagi,normal
Saya suka bermain bola di sore hari,normal
Roulette online bonus new member,judi
Pekerjaan rumah sudah selesai dikerjakan,normal
Ayo pasang togel online sekarang,judi
Bandar judi online terpercaya,judi
Kucing saya tidur di kursi,normal
Judi online gampang menang,judi
Olahraga baik untuk kesehatan,normal
Ayo pasang togel online sekarang,judi
Roulette online bonus new member,judi
Menang jackpot slot pragmatic gampang,judi
Roulette online bonus new member,judi
Ayo pasang togel online sekarang,judi
Roulette online bonus new member,judi
Main slot gacor hari ini menang besar,judi
Kucing saya tidur di kursi,normal
Pekerjaan rumah sudah selesai dikerjakan,normal
Membaca buku bisa menambah pengetahuan,normal
Bandar judi online terpercaya,judi
Bandar judi online terpercaya,judi
Taruhan bola parlay menang banyak,judi
Situs judi bola terpercaya deposit pulsa,judi
Main slot gacor hari ini menang besar,judi
Main poker online hadiah besar,judi
Hari ini sangat cerah dan menyenangkan,normal
Hari ini sangat cerah dan menyenangkan,normal
Bandar judi online terpercaya,judi
Liburan ke pantai sangat menyenangkan,normal
Membaca buku bisa menambah pengetahuan,normal
Link slot deposit tanpa potongan,judi
Main poker online hadiah besar,judi
Bandar judi online terpercaya,judi
Link slot deposit tanpa potongan,judi
Link slot deposit tanpa potongan,judi
Saya pergi ke sekolah setiap pagi,normal
Belajar machine learning itu seru,normal
Saya suka bermain bola di sore hari,normal
Main poker online hadiah besar,judi
Saya pergi ke sekolah setiap pagi,normal
Taruhan bola parlay menang banyak,judi
Judi online gampang menang,judi
Pekerjaan rumah sudah selesai dikerjakan,normal
Belajar machine learning itu seru,normal
Situs judi bola terpercaya deposit pulsa,judi
Main poker online hadiah besar,judi
Belajar machine learning itu seru,normal
Roulette online bonus new member,judi
Kucing saya tidur di kursi,normal
Pekerjaan rumah sudah selesai dikerjakan,normal
Menang jackpot slot pragmatic gampang,judi
Saya pergi ke sekolah setiap pagi,normal
Pekerjaan rumah sudah selesai dikerjakan,normal
Bandar judi online terpercaya,judi
Pekerjaan rumah sudah selesai dikerjakan,normal
Link slot deposit tanpa potongan,judi
Menang jackpot slot pragmatic gampang,judi
Makanan ini enak sekali,normal
Main poker online hadiah besar,judi
Taruhan bola parlay menang banyak,judi
Olahraga baik untuk kesehatan,normal
Olahraga baik untuk kesehatan,normal
Bandar judi online terpercaya,judi
Pekerjaan rumah sudah selesai dikerjakan,normal
Ayo pasang togel online sekarang,judi
Taruhan bola parlay menang banyak,judi
Situs judi bola terpercaya deposit pulsa,judi
Hari ini sangat cerah dan menyenangkan,normal
Kucing saya tidur di kursi,normal
Menang jackpot slot pragmatic gampang,judi
Pekerjaan rumah sudah selesai dikerjakan,normal
Olahraga baik untuk kesehatan,normal
Makanan ini enak sekali,normal
Hari ini sangat cerah dan menyenangkan,normal
Pekerjaan rumah sudah selesai dikerjakan,normal
Membaca buku bisa menambah pengetahuan,normal
Saya pergi ke sekolah setiap pagi,normal
Ayo pasang togel online sekarang,judi
Taruhan bola parlay menang banyak,judi
Makanan ini enak sekali,normal
Menang jackpot slot pragmatic gampang,judi
Belajar machine learning itu seru,normal
Liburan ke pantai sangat menyenangkan,normal
Situs judi bola terpercaya deposit pulsa,judi
Judi online gampang menang,judi
Liburan ke pantai sangat menyenangkan,normal
Link slot deposit tanpa potongan,judi
Link slot deposit tanpa potongan,judi
Kucing saya tidur di kursi,normal
Belajar machine learning itu seru,normal
Main poker online hadiah besar,judi
Saya suka bermain bola di sore hari,normal
Saya pergi ke sekolah setiap pagi,normal
Pekerjaan rumah sudah selesai dikerjakan,normal
Taruhan bola parlay menang banyak,judi
Menang jackpot slot pragmatic gampang,judi
Link slot deposit tanpa potongan,judi
Olahraga baik untuk kesehatan,normal
Situs judi bola terpercaya deposit pulsa,judi
Pekerjaan rumah sudah selesai dikerjakan,normal
Main poker online hadiah besar,judi
Makanan ini enak sekali,normal
Pekerjaan rumah sudah selesai dikerjakan,normal
Hari ini sangat cerah dan menyenangkan,normal
Makanan ini enak sekali,normal
Bandar judi online terpercaya,judi
Taruhan bola parlay menang banyak,judi
Olahraga baik untuk kesehatan,normal
Ayo pasang togel online sekarang,judi
Kucing saya tidur di kursi,normal
Liburan ke pantai sangat menyenangkan,normal
Pekerjaan rumah sudah selesai dikerjakan,normal
Bandar judi online terpercaya,judi
Main poker online hadiah besar,judi
Menang jackpot slot pragmatic gampang,judi
Olahraga baik untuk kesehatan,normal
Main slot gacor hari ini menang besar,judi
Kucing saya tidur di kursi,normal
Saya pergi ke sekolah setiap pagi,normal
Menang jackpot slot pragmatic gampang,judi
Link slot deposit tanpa potongan,judi
Saya suka bermain bola di sore hari,normal
Saya pergi ke sekolah setiap pagi,normal
Makanan ini enak sekali,normal
Main slot gacor hari ini menang besar,judi
Belajar machine learning itu seru,normal
Main slot gacor hari ini menang besar,judi
Pekerjaan rumah sudah selesai dikerjakan,normal
Main poker online hadiah besar,judi
Judi online gampang menang,judi
Olahraga baik untuk kesehatan,normal
Pekerjaan rumah sudah selesai dikerjakan,normal
Taruhan bola parlay menang banyak,judi
Situs judi bola terpercaya deposit pulsa,judi
Ayo pasang togel online sekarang,judi
Link slot deposit tanpa potongan,judi
Liburan ke pantai sangat menyenangkan,normal
Pekerjaan rumah sudah selesai dikerjakan,normal
Saya pergi ke sekolah setiap pagi,normal
Ayo pasang togel online sekarang,judi
Main poker online hadiah besar,judi
Liburan ke pantai sangat menyenangkan,normal
Bandar judi online terpercaya,judi
Main slot gacor hari ini menang besar,judi
Liburan ke pantai sangat menyenangkan,normal
Saya suka bermain bola di sore hari,normal
Saya pergi ke sekolah setiap pagi,normal
Saya suka bermain bola di sore hari,normal
Belajar machine learning itu seru,normal
Olahraga baik untuk kesehatan,normal
Situs judi bola terpercaya deposit pulsa,judi
Pekerjaan rumah sudah selesai dikerjakan,normal
Membaca buku bisa menambah pengetahuan,normal
Ayo pasang togel online sekarang,judi
Liburan ke pantai sangat menyenangkan,normal
Pekerjaan rumah sudah selesai dikerjakan,normal
Belajar machine learning itu seru,normal
Main poker online hadiah besar,judi
Pekerjaan rumah sudah selesai dikerjakan,normal
Ayo pasang togel online sekarang,judi
Roulette online bonus new member,judi
Main slot gacor hari ini menang besar,judi
Menang jackpot slot pragmatic gampang,judi
Belajar machine learning itu seru,normal
Main poker online hadiah besar,judi
Kucing saya tidur di kursi,normal
Hari ini sangat cerah dan menyenangkan,normal
Kucing saya tidur di kursi,normal
Roulette online bonus new member,judi
Saya pergi ke sekolah setiap pagi,normal
Pekerjaan rumah sudah selesai dikerjakan,normal
Judi online gampang menang,judi
Situs judi bola terpercaya deposit pulsa,judi
Olahraga baik untuk kesehatan,normal
Belajar machine learning itu seru,normal
Kucing saya tidur di kursi,normal
Liburan ke pantai sangat menyenangkan,normal
Link slot deposit tanpa potongan,judi
Main slot gacor hari ini menang besar,judi
Liburan ke pantai sangat menyenangkan,normal
Judi online gampang menang,judi
Judi online gampang menang,judi
Taruhan bola parlay menang banyak,judi
Liburan ke pantai sangat menyenangkan,normal
Link slot deposit tanpa potongan,judi
Liburan ke pantai sangat menyenangkan,normal
Makanan ini enak sekali,normal
Main slot gacor hari ini menang besar,judi
Pekerjaan rumah sudah selesai dikerjakan,normal
Main poker online hadiah besar,judi
Belajar machine learning itu seru,normal
Hari ini sangat cerah dan menyenangkan,normal
Judi online gampang menang,judi
Link slot deposit tanpa potongan,judi
Situs judi bola terpercaya deposit pulsa,judi
Roulette online bonus new member,judi
Membaca buku bisa menambah pengetahuan,normal
Saya suka bermain bola di sore hari,normal
Hari ini sangat cerah dan menyenangkan,normal
Link slot deposit tanpa potongan,judi
Roulette online bonus new member,judi
Taruhan bola parlay menang banyak,judi
Menang jackpot slot pragmatic gampang,judi
Taruhan bola parlay menang banyak,judi
Makanan ini enak sekali,normal
Kucing saya tidur di kursi,normal
Makanan ini enak sekali,normal
Saya suka bermain bola di sore hari,normal
Makanan ini enak sekali,normal
Taruhan bola parlay menang banyak,judi
Makanan ini enak sekali,normal
Kucing saya tidur di kursi,normal
Olahraga baik untuk kesehatan,normal
Olahraga baik untuk kesehatan,normal
Link slot deposit tanpa potongan,judi
Olahraga baik untuk kesehatan,normal
Makanan ini enak sekali,normal
Pekerjaan rumah sudah selesai dikerjakan,normal
Makanan ini enak sekali,normal
Ayo pasang togel online sekarang,judi
Saya suka bermain bola di sore hari,normal
Hari ini sangat cerah dan menyenangkan,normal
Main slot gacor hari ini menang besar,judi
Situs judi bola terpercaya deposit pulsa,judi
Membaca buku bisa menambah pengetahuan,normal
Makanan ini enak sekali,normal
Bandar judi online terpercaya,judi
Liburan ke pantai sangat menyenangkan,normal
Roulette online bonus new member,judi
Judi online gampang menang,judi
Liburan ke pantai sangat menyenangkan,normal
Ayo pasang togel online sekarang,judi
Hari ini sangat cerah dan menyenangkan,normal
Saya pergi ke sekolah setiap pagi,normal
Belajar machine learning itu seru,normal
Olahraga baik untuk kesehatan,normal
Makanan ini enak sekali,normal
Saya pergi ke sekolah setiap pagi,normal
Liburan ke pantai sangat menyenangkan,normal
Saya suka bermain bola di sore hari,normal
Roulette online bonus new member,judi
Main slot gacor hari ini menang besar,judi
Makanan ini enak sekali,normal
Liburan ke pantai sangat menyenangkan,normal
Taruhan bola parlay menang banyak,judi
Bandar judi online terpercaya,judi
Pekerjaan rumah sudah selesai dikerjakan,normal
Saya suka bermain bola di sore hari,normal
Saya pergi ke sekolah setiap pagi,normal
Main poker online hadiah besar,judi
Pekerjaan rumah sudah selesai dikerjakan,normal
Belajar machine learning itu seru,normal
Liburan ke pantai sangat menyenangkan,normal
Menang jackpot slot pragmatic gampang,judi
Ayo pasang togel online sekarang,judi
Pekerjaan rumah sudah selesai dikerjakan,normal
Link slot deposit tanpa potongan,judi
Ayo pasang togel online sekarang,judi
Ayo pasang togel online sekarang,judi
Situs judi bola terpercaya deposit pulsa,judi
Makanan ini enak sekali,normal
Bandar judi online terpercaya,judi
Liburan ke pantai sangat menyenangkan,normal
Membaca buku bisa menambah pengetahuan,normal
Judi online gampang menang,judi
Olahraga baik untuk kesehatan,normal
Makanan ini enak sekali,normal
Saya pergi ke sekolah setiap pagi,normal
Saya pergi ke sekolah setiap pagi,normal
Link slot deposit tanpa potongan,judi
Taruhan bola parlay menang banyak,judi
Pekerjaan rumah sudah selesai dikerjakan,normal
Ayo pasang togel online sekarang,judi
Main poker online hadiah besar,judi
Saya suka bermain bola di sore hari,normal
Bandar judi online terpercaya,judi
Liburan ke pantai sangat menyenangkan,normal
Kucing saya tidur di kursi,normal
Taruhan bola parlay menang banyak,judi
Bandar judi online terpercaya,judi
Saya suka bermain bola di sore hari,normal
Liburan ke pantai sangat menyenangkan,normal
Liburan ke pantai sangat menyenangkan,normal
Ayo pasang togel online sekarang,judi
Membaca buku bisa menambah pengetahuan,normal
Membaca buku bisa menambah pengetahuan,normal
Makanan ini enak sekali,normal
Main poker online hadiah besar,judi
Taruhan bola parlay menang banyak,judi
Main slot gacor hari ini menang besar,judi
Menang jackpot slot pragmatic gampang,judi
Olahraga baik untuk kesehatan,normal
Hari ini sangat cerah dan menyenangkan,normal
Saya suka bermain bola di sore hari,normal
Situs judi bola terpercaya deposit pulsa,judi
Saya suka bermain bola di sore hari,normal
Main poker online hadiah besar,judi
Roulette online bonus new member,judi
Saya suka bermain bola di sore hari,normal
Menang jackpot slot pragmatic gampang,judi
Main slot gacor hari ini menang besar,judi
Link slot deposit tanpa potongan,judi
Menang jackpot slot pragmatic gampang,judi
Main slot gacor hari ini menang besar,judi
Link slot deposit tanpa potongan,judi
Link slot deposit tanpa potongan,judi
Ayo pasang togel online sekarang,judi
Kucing saya tidur di kursi,normal
Saya suka bermain bola di sore hari,normal
Main poker online hadiah besar,judi
Main slot gacor hari ini menang besar,judi
Makanan ini enak sekali,normal
Kucing saya tidur di kursi,normal
Ayo pasang togel online sekarang,judi
Link slot deposit tanpa potongan,judi
Saya suka bermain bola di sore hari,normal
Saya pergi ke sekolah setiap pagi,normal
Liburan ke pantai sangat menyenangkan,normal
Pekerjaan rumah sudah selesai dikerjakan,normal
Makanan ini enak sekali,normal
Saya suka bermain bola di sore hari,normal
Liburan ke pantai sangat menyenangkan,normal
Belajar machine learning itu seru,normal
Makanan ini enak sekali,normal
Bandar judi online terpercaya,judi
Ayo pasang togel online sekarang,judi
Saya pergi ke sekolah setiap pagi,normal
Makanan ini enak sekali,normal
Menang jackpot slot pragmatic gampang,judi
Ayo pasang togel online sekarang,judi
Judi online gampang menang,judi
Link slot deposit tanpa potongan,judi
Judi online gampang menang,judi
Saya pergi ke sekolah setiap pagi,normal
Ayo pasang togel online sekarang,judi
Makanan ini enak sekali,normal
Ayo pasang togel online sekarang,judi
Situs judi bola terpercaya deposit pulsa,judi
Kucing saya tidur di kursi,normal
Olahraga baik untuk kesehatan,normal
Ayo pasang togel online sekarang,judi
Liburan ke pantai sangat menyenangkan,normal
Roulette online bonus new member,judi
Kucing saya tidur di kursi,normal
Main poker online hadiah besar,judi
Hari ini sangat cerah dan menyenangkan,normal
Roulette online bonus new member,judi
Roulette online bonus new member,judi
Main slot gacor hari ini menang besar,judi
Pekerjaan rumah sudah selesai dikerjakan,normal
Main slot gacor hari ini menang besar,judi
Main slot gacor hari ini menang besar,judi
Judi online gampang menang,judi
Judi online gampang menang,judi
Olahraga baik untuk kesehatan,normal
Membaca buku bisa menambah pengetahuan,normal
Hari ini sangat cerah dan menyenangkan,normal
Situs judi bola terpercaya deposit pulsa,judi
Taruhan bola parlay menang banyak,judi
Judi online gampang menang,judi
Hari ini sangat cerah dan menyenangkan,normal
Kucing saya tidur di kursi,normal
Olahraga baik untuk kesehatan,normal
Hari ini sangat cerah dan menyenangkan,normal
Membaca buku bisa menambah pengetahuan,normal
Menang jackpot slot pragmatic gampang,judi
Membaca buku bisa menambah pengetahuan,normal
Pekerjaan rumah sudah selesai dikerjakan,normal
Roulette online bonus new member,judi
Pekerjaan rumah sudah selesai dikerjakan,normal
Makanan ini enak sekali,normal
Main slot gacor hari ini menang besar,judi
Roulette online bonus new member,judi
Saya pergi ke sekolah setiap pagi,normal
Membaca buku bisa menambah pengetahuan,normal
Pekerjaan rumah sudah selesai dikerjakan,normal
Menang jackpot slot pragmatic gampang,judi
Bandar judi online terpercaya,judi
Liburan ke pantai sangat menyenangkan,normal
Membaca buku bisa menambah pengetahuan,normal
Judi online gampang menang,judi
Liburan ke pantai sangat menyenangkan,normal
Judi online gampang menang,judi
Olahraga baik untuk kesehatan,normal
Pekerjaan rumah sudah selesai dikerjakan,normal
Saya suka bermain bola di sore hari,normal
Main slot gacor hari ini menang besar,judi
Ayo pasang togel online sekarang,judi
Olahraga baik untuk kesehatan,normal
Olahraga baik untuk kesehatan,normal
Olahraga baik untuk kesehatan,normal
Situs judi bola terpercaya deposit pulsa,judi
Hari ini sangat cerah dan menyenangkan,normal
Saya suka bermain bola di sore hari,normal
Main poker online hadiah besar,judi
Belajar machine learning itu seru,normal
Main poker online hadiah besar,judi
Pekerjaan rumah sudah selesai dikerjakan,normal
Olahraga baik untuk kesehatan,normal
Liburan ke pantai sangat menyenangkan,normal
Menang jackpot slot pragmatic gampang,judi
Taruhan bola parlay menang banyak,judi
Belajar machine learning itu seru,normal
Makanan ini enak sekali,normal
Saya suka bermain bola di sore hari,normal
Saya suka bermain bola di sore hari,normal
Olahraga baik untuk kesehatan,normal
Pekerjaan rumah sudah selesai dikerjakan,normal
Makanan ini enak sekali,normal
Saya pergi ke sekolah setiap pagi,normal
Olahraga baik untuk kesehatan,normal
Makanan ini enak sekali,normal
Kucing saya tidur di kursi,normal
Taruhan bola parlay menang banyak,judi
Olahraga baik untuk kesehatan,normal
Olahraga baik untuk kesehatan,normal
Main poker online hadiah besar,judi
Pekerjaan rumah sudah selesai dikerjakan,normal
Situs judi bola terpercaya deposit pulsa,judi
Menang jackpot slot pragmatic gampang,judi
Roulette online bonus new member,judi
Makanan ini enak sekali,normal
Saya pergi ke sekolah setiap pagi,normal
Judi online gampang menang,judi
Saya pergi ke sekolah setiap pagi,normal
Pekerjaan rumah sudah selesai dikerjakan,normal
Link slot deposit tanpa potongan,judi
Makanan ini enak sekali,normal
Liburan ke pantai sangat menyenangkan,normal
Olahraga baik untuk kesehatan,normal
Saya pergi ke sekolah setiap pagi,normal
Bandar judi online terpercaya,judi
Saya suka bermain bola di sore hari,normal
Main slot gacor hari ini menang besar,judi
Saya pergi ke sekolah setiap pagi,normal
Olahraga baik untuk kesehatan,normal
Membaca buku bisa menambah pengetahuan,normal
Judi online gampang menang,judi
Ayo pasang togel online sekarang,judi
Kucing saya tidur di kursi,normal
Membaca buku bisa menambah pengetahuan,normal
Belajar machine learning itu seru,normal
Olahraga baik untuk kesehatan,normal
Belajar machine learning itu seru,normal
Link slot deposit tanpa potongan,judi
Makanan ini enak sekali,normal
Roulette online bonus new member,judi
Situs judi bola terpercaya deposit pulsa,judi
Ayo pasang togel online sekarang,judi
Hari ini sangat cerah dan menyenangkan,normal
Belajar machine learning itu seru,normal
Makanan ini enak sekali,normal
Hari ini sangat cerah dan menyenangkan,normal
Saya suka bermain bola di sore hari,normal
Kucing saya tidur di kursi,normal
Bandar judi online terpercaya,judi
Makanan ini enak sekali,normal
Taruhan bola parlay menang banyak,judi
Pekerjaan rumah sudah selesai dikerjakan,normal
Membaca buku bisa menambah pengetahuan,normal
Hari ini sangat cerah dan menyenangkan,normal
Judi online gampang menang,judi
Roulette online bonus new member,judi
Link slot deposit tanpa potongan,judi
Pekerjaan rumah sudah selesai dikerjakan,normal
Situs judi bola terpercaya deposit pulsa,judi
Pekerjaan rumah sudah selesai dikerjakan,normal
Menang jackpot slot pragmatic gampang,judi
Hari ini sangat cerah dan menyenangkan,normal
Olahraga baik untuk kesehatan,normal
Ayo pasang togel online sekarang,judi
Judi online gampang menang,judi
Kucing saya tidur di kursi,normal
Liburan ke pantai sangat menyenangkan,normal
Taruhan bola parlay menang banyak,judi
Bandar judi online terpercaya,judi
Bandar judi online terpercaya,judi
Main poker online hadiah besar,judi
Menang jackpot slot pragmatic gampang,judi
Bandar judi online terpercaya,judi
Pekerjaan rumah sudah selesai dikerjakan,normal
Saya pergi ke sekolah setiap pagi,normal
Liburan ke pantai sangat menyenangkan,normal
Hari ini sangat cerah dan menyenangkan,normal
Olahraga baik untuk kesehatan,normal
Main poker online hadiah besar,judi
Saya pergi ke sekolah setiap pagi,normal
Main poker online hadiah besar,judi
Makanan ini enak sekali,normal
Olahraga baik untuk kesehatan,normal
Saya pergi ke sekolah setiap pagi,normal
Kucing saya tidur di kursi,normal
Link slot deposit tanpa potongan,judi
Judi online gampang menang,judi
Menang jackpot slot pragmatic gampang,judi
Makanan ini enak sekali,normal
Pekerjaan rumah sudah selesai dikerjakan,normal
Membaca buku bisa menambah pengetahuan,normal
Menang jackpot slot pragmatic gampang,judi
Link slot deposit tanpa potongan,judi
Situs judi bola terpercaya deposit pulsa,judi
Link slot deposit tanpa potongan,judi
Makanan ini enak sekali,normal
Kucing saya tidur di kursi,normal
Main slot gacor hari ini menang besar,judi
Liburan ke pantai sangat menyenangkan,normal
Menang jackpot slot pragmatic gampang,judi
Situs judi bola terpercaya deposit pulsa,judi
Roulette online bonus new member,judi
Main poker online hadiah besar,judi
Judi online gampang menang,judi
Saya pergi ke sekolah setiap pagi,normal
Roulette online bonus new member,judi
Hari ini sangat cerah dan menyenangkan,normal
Saya pergi ke sekolah setiap pagi,normal
Link slot deposit tanpa potongan,judi
Membaca buku bisa menambah pengetahuan,normal
Belajar machine learning itu seru,normal
Ayo pasang togel online sekarang,judi
Bandar judi online terpercaya,judi
Saya suka bermain bola di sore hari,normal
Situs judi bola terpercaya deposit pulsa,judi
Makanan ini enak sekali,normal
Pekerjaan rumah sudah selesai dikerjakan,normal
Ayo pasang togel online sekarang,judi
Liburan ke pantai sangat menyenangkan,normal
Roulette online bonus new member,judi
Judi online gampang menang,judi
Taruhan bola parlay menang banyak,judi
Belajar machine learning itu seru,normal
Kucing saya tidur di kursi,normal
Judi online gampang menang,judi
Main poker online hadiah besar,judi
Ayo pasang togel online sekarang,judi
Ayo pasang togel online sekarang,judi
Saya suka bermain bola di sore hari,normal
Saya suka bermain bola di sore hari,normal
Saya suka bermain bola di sore hari,normal
Saya suka bermain bola di sore hari,normal
Main poker online hadiah besar,judi
Judi online gampang menang,judi
Judi online gampang menang,judi
Menang jackpot slot pragmatic gampang,judi
Liburan ke pantai sangat menyenangkan,normal
Saya pergi ke sekolah setiap pagi,normal
Bandar judi online terpercaya,judi
Link slot deposit tanpa potongan,judi
Membaca buku bisa menambah pengetahuan,normal
Belajar machine learning itu seru,normal
Link slot deposit tanpa potongan,judi
Situs judi bola terpercaya deposit pulsa,judi
Saya suka bermain bola di sore hari,normal
Saya pergi ke sekolah setiap pagi,normal
Hari ini sangat cerah dan menyenangkan,normal
Saya pergi ke sekolah setiap pagi,normal
Judi online gampang menang,judi
Taruhan bola parlay menang banyak,judi
Main poker online hadiah besar,judi
Kucing saya tidur di kursi,normal
Pekerjaan rumah sudah selesai dikerjakan,normal
Belajar machine learning itu seru,normal
Belajar machine learning itu seru,normal
Bandar judi online terpercaya,judi
Taruhan bola parlay menang banyak,judi
Pekerjaan rumah sudah selesai dikerjakan,normal
Ayo pasang togel online sekarang,judi
Situs judi bola terpercaya deposit pulsa,judi
Situs judi bola terpercaya deposit pulsa,judi
Makanan ini enak sekali,normal
Belajar machine learning itu seru,normal
Hari ini sangat cerah dan menyenangkan,normal
Hari ini sangat cerah dan menyenangkan,normal
Roulette online bonus new member,judi
Menang jackpot slot pragmatic gampang,judi
Belajar machine learning itu seru,normal
Roulette online bonus new member,judi
Ayo pasang togel online sekarang,judi
Olahraga baik untuk kesehatan,normal
Liburan ke pantai sangat menyenangkan,normal
Link slot deposit tanpa potongan,judi
Bandar judi online terpercaya,judi
Olahraga baik untuk kesehatan,normal
Pekerjaan rumah sudah selesai dikerjakan,normal
Membaca buku bisa menambah pengetahuan,normal
Main slot gacor hari ini menang besar,judi
Hari ini sangat cerah dan menyenangkan,normal
Kucing saya tidur di kursi,normal
Belajar machine learning itu seru,normal
Membaca buku bisa menambah pengetahuan,normal
Situs judi bola terpercaya deposit pulsa,judi
Situs judi bola terpercaya deposit pulsa,judi
Hari ini sangat cerah dan menyenangkan,normal
Membaca buku bisa menambah pengetahuan,normal
Bandar judi online terpercaya,judi
Main poker online hadiah besar,judi
Saya suka bermain bola di sore hari,normal
